<?xml version="1.0" encoding="UTF-8"?>
<metadata xml:lang="en"><Esri><CreaDate>20180501</CreaDate><CreaTime>20583700</CreaTime><ArcGISFormat>1.0</ArcGISFormat><SyncOnce>TRUE</SyncOnce><DataProperties><lineage><Process ToolSource="c:\program files (x86)\arcgis\desktop10.2\ArcToolbox\Toolboxes\Data Management Tools.tbx\CalculateField" Date="20170827" Time="141319">CalculateField cn_mini_compart_incl_iap_2017_v3 OBJECTID [FID] VB #</Process><Process ToolSource="c:\program files (x86)\arcgis\desktop10.2\ArcToolbox\Toolboxes\Data Management Tools.tbx\CalculateField" Date="20170829" Time="132917">CalculateField TWK_compart_incl_IAP_gw Old_NBALid [NBALID] VB #</Process><Process ToolSource="c:\program files (x86)\arcgis\desktop10.2\ArcToolbox\Toolboxes\Data Management Tools.tbx\CalculateField" Date="20170829" Time="133708">CalculateField TWK_nbals_2017_tm19 Stage "Initial Treatment" VB #</Process><Process ToolSource="c:\program files (x86)\arcgis\desktop10.2\ArcToolbox\Toolboxes\Data Management Tools.tbx\CalculateField" Date="20170829" Time="133739">CalculateField TWK_nbals_2017_tm19 Stage "1st Follow up" VB #</Process><Process ToolSource="c:\program files (x86)\arcgis\desktop10.2\ArcToolbox\Toolboxes\Data Management Tools.tbx\CalculateField" Date="20170829" Time="133808">CalculateField TWK_nbals_2017_tm19 Stage "10th Follow up" VB #</Process><Process ToolSource="c:\program files (x86)\arcgis\desktop10.2\ArcToolbox\Toolboxes\Data Management Tools.tbx\CalculateField" Date="20170829" Time="133823">CalculateField TWK_nbals_2017_tm19 Stage "11th Follow up" VB #</Process><Process ToolSource="c:\program files (x86)\arcgis\desktop10.2\ArcToolbox\Toolboxes\Data Management Tools.tbx\CalculateField" Date="20170829" Time="133847">CalculateField TWK_nbals_2017_tm19 Stage "2nd Follow up" VB #</Process><Process ToolSource="c:\program files (x86)\arcgis\desktop10.2\ArcToolbox\Toolboxes\Data Management Tools.tbx\CalculateField" Date="20170829" Time="133908">CalculateField TWK_nbals_2017_tm19 Stage "3rd Follow up" VB #</Process><Process ToolSource="c:\program files (x86)\arcgis\desktop10.2\ArcToolbox\Toolboxes\Data Management Tools.tbx\CalculateField" Date="20170829" Time="133932">CalculateField TWK_nbals_2017_tm19 Stage "4th Follow up" VB #</Process><Process ToolSource="c:\program files (x86)\arcgis\desktop10.2\ArcToolbox\Toolboxes\Data Management Tools.tbx\CalculateField" Date="20170829" Time="133950">CalculateField TWK_nbals_2017_tm19 Stage "5th Follow up" VB #</Process><Process ToolSource="c:\program files (x86)\arcgis\desktop10.2\ArcToolbox\Toolboxes\Data Management Tools.tbx\CalculateField" Date="20170829" Time="134009">CalculateField TWK_nbals_2017_tm19 Stage "6th Follow up" VB #</Process><Process ToolSource="c:\program files (x86)\arcgis\desktop10.2\ArcToolbox\Toolboxes\Data Management Tools.tbx\CalculateField" Date="20170829" Time="134026">CalculateField TWK_nbals_2017_tm19 Stage "7th Follow up" VB #</Process><Process ToolSource="c:\program files (x86)\arcgis\desktop10.2\ArcToolbox\Toolboxes\Data Management Tools.tbx\CalculateField" Date="20170829" Time="134046">CalculateField TWK_nbals_2017_tm19 Stage "8th Follow up" VB #</Process><Process ToolSource="c:\program files (x86)\arcgis\desktop10.2\ArcToolbox\Toolboxes\Data Management Tools.tbx\CalculateField" Date="20170829" Time="134107">CalculateField TWK_nbals_2017_tm19 Stage "9th Follow up" VB #</Process><Process ToolSource="c:\program files (x86)\arcgis\desktop10.2\ArcToolbox\Toolboxes\Data Management Tools.tbx\CalculateField" Date="20170829" Time="135307">CalculateField TWK_nbals_2017_tm19 Stage "Maintenance" VB #</Process><Process ToolSource="c:\program files (x86)\arcgis\desktop10.2\ArcToolbox\Toolboxes\Data Management Tools.tbx\CalculateField" Date="20170829" Time="135740">CalculateField TWK_nbals_2017_tm19 end_date [Last_date] VB #</Process><Process ToolSource="c:\program files (x86)\arcgis\desktop10.2\ArcToolbox\Toolboxes\Data Management Tools.tbx\CalculateField" Date="20170829" Time="135857">CalculateField TWK_nbals_2017_tm19 First_date [Start_date] VB #</Process><Process ToolSource="c:\program files (x86)\arcgis\desktop10.2\ArcToolbox\Toolboxes\Data Management Tools.tbx\CalculateField" Date="20170829" Time="135911">CalculateField TWK_nbals_2017_tm19 Last_date [end_date] VB #</Process><Process ToolSource="c:\program files (x86)\arcgis\desktop10.2\ArcToolbox\Toolboxes\Data Management Tools.tbx\CalculateField" Date="20170829" Time="154418">CalculateField TWK_nbals_2017_tm19 NBALID "H60B400103" VB #</Process><Process ToolSource="c:\program files (x86)\arcgis\desktop10.2\ArcToolbox\Toolboxes\Data Management Tools.tbx\CalculateField" Date="20170830" Time="085943">CalculateField TWK_nbals_2017_tm19 NBALID "H60B400240" VB #</Process><Process ToolSource="c:\program files (x86)\arcgis\desktop10.2\ArcToolbox\Toolboxes\Data Management Tools.tbx\CalculateField" Date="20180501" Time="210620">CalculateField H60B_NBAL_tm19 ContractID "[NBALID] +"03"" VB #</Process></lineage></DataProperties></Esri></metadata>
