<?xml version="1.0" encoding="UTF-8"?>
<metadata xml:lang="en"><Esri><CreaDate>20180501</CreaDate><CreaTime>20563600</CreaTime><ArcGISFormat>1.0</ArcGISFormat><SyncOnce>TRUE</SyncOnce><DataProperties><lineage><Process ToolSource="c:\program files (x86)\arcgis\desktop10.2\ArcToolbox\Toolboxes\Data Management Tools.tbx\CalculateField" Date="20170827" Time="124430">CalculateField cn_mini_compartments_2017_v3 HAT "Yes" VB #</Process><Process ToolSource="c:\program files (x86)\arcgis\desktop10.2\ArcToolbox\Toolboxes\Data Management Tools.tbx\CalculateField" Date="20170827" Time="124721">CalculateField cn_mini_compartments_2017_v3 HAT "Yes, Berg" VB #</Process><Process ToolSource="c:\program files (x86)\arcgis\desktop10.2\ArcToolbox\Toolboxes\Data Management Tools.tbx\CalculateField" Date="20170827" Time="221937">CalculateField TWK_compartments_gw Veg_status "CR" VB #</Process><Process ToolSource="c:\program files (x86)\arcgis\desktop10.2\ArcToolbox\Toolboxes\Data Management Tools.tbx\CalculateField" Date="20170827" Time="222025">CalculateField TWK_compartments_gw Veg_status "CR" VB #</Process><Process ToolSource="c:\program files (x86)\arcgis\desktop10.2\ArcToolbox\Toolboxes\Data Management Tools.tbx\CalculateField" Date="20170827" Time="222154">CalculateField TWK_compartments_gw Veg_status "Least Threatened" VB #</Process><Process ToolSource="c:\program files (x86)\arcgis\desktop10.2\ArcToolbox\Toolboxes\Data Management Tools.tbx\CalculateField" Date="20170828" Time="095859">CalculateField TWK_compartments_gw Riv_buffer 1 VB #</Process><Process ToolSource="c:\program files (x86)\arcgis\desktop10.2\ArcToolbox\Toolboxes\Data Management Tools.tbx\CalculateField" Date="20170828" Time="111636">CalculateField TWK_compartments_gw Veg_status "Critically Endangered" VB #</Process><Process ToolSource="c:\program files (x86)\arcgis\desktop10.2\ArcToolbox\Toolboxes\Data Management Tools.tbx\CalculateField" Date="20170828" Time="120236">CalculateField TWK_compartments_gw Ownership "CapeNature" VB #</Process><Process ToolSource="c:\program files (x86)\arcgis\desktop10.2\ArcToolbox\Toolboxes\Data Management Tools.tbx\CalculateField" Date="20170828" Time="120533">CalculateField TWK_compartments_gw Ownership "Farm" VB #</Process><Process ToolSource="c:\program files (x86)\arcgis\desktop10.2\ArcToolbox\Toolboxes\Data Management Tools.tbx\CalculateField" Date="20170828" Time="120729">CalculateField TWK_compartments_gw Ownership "Farm" VB #</Process><Process ToolSource="c:\program files (x86)\arcgis\desktop10.2\ArcToolbox\Toolboxes\Data Management Tools.tbx\CalculateField" Date="20170828" Time="121044">CalculateField TWK_compartments_gw Ownership "Private mountain catchment" VB #</Process><Process ToolSource="c:\program files (x86)\arcgis\desktop10.2\ArcToolbox\Toolboxes\Data Management Tools.tbx\CalculateField" Date="20170828" Time="154834">CalculateField TWK_nbals_tm19 Ownership "Private mountain catchment" VB #</Process><Process ToolSource="c:\program files (x86)\arcgis\desktop10.2\ArcToolbox\Toolboxes\Data Management Tools.tbx\CalculateField" Date="20170829" Time="103343">CalculateField TWK_nbals_tm19 Old_NBALid [NBALID] VB #</Process><Process ToolSource="c:\program files (x86)\arcgis\desktop10.2\ArcToolbox\Toolboxes\Data Management Tools.tbx\CalculateField" Date="20170829" Time="115913">CalculateField TWK_compartments_2017_tm19 Compt_ID ""C_" + [NBALID]" VB #</Process><Process ToolSource="c:\program files (x86)\arcgis\desktop10.2\ArcToolbox\Toolboxes\Data Management Tools.tbx\CalculateField" Date="20170829" Time="120041">CalculateField TWK_compartments_2017_tm19 SLOPE [Slopes] VB #</Process><Process ToolSource="c:\program files (x86)\arcgis\desktop10.2\ArcToolbox\Toolboxes\Data Management Tools.tbx\CalculateField" Date="20170829" Time="120609">CalculateField TWK_compartments_2017_tm19 Walk_time [WIMS_walk] VB #</Process><Process ToolSource="c:\program files (x86)\arcgis\desktop10.2\ArcToolbox\Toolboxes\Data Management Tools.tbx\CalculateField" Date="20170829" Time="120619">CalculateField TWK_compartments_2017_tm19 Drive_time [WIMS_drive] VB #</Process><Process ToolSource="c:\program files (x86)\arcgis\desktop10.2\ArcToolbox\Toolboxes\Data Management Tools.tbx\CalculateField" Date="20170829" Time="120922">CalculateField TWK_compartments_2017_tm19 Walk_time [Calc_walk] VB #</Process><Process ToolSource="c:\program files (x86)\arcgis\desktop10.2\ArcToolbox\Toolboxes\Data Management Tools.tbx\CalculateField" Date="20170829" Time="120930">CalculateField TWK_compartments_2017_tm19 Drive_time [Calc_drive] VB #</Process><Process ToolSource="c:\program files (x86)\arcgis\desktop10.2\ArcToolbox\Toolboxes\Data Management Tools.tbx\CalculateField" Date="20170829" Time="132623">CalculateField TWK_compartments_2017_tm19 Terrain "Riparian" VB #</Process><Process ToolSource="c:\program files (x86)\arcgis\desktop10.2\ArcToolbox\Toolboxes\Data Management Tools.tbx\CalculateField" Date="20170829" Time="132641">CalculateField TWK_compartments_2017_tm19 Terrain "Landscape" VB #</Process><Process ToolSource="c:\program files (x86)\arcgis\desktop10.2\ArcToolbox\Toolboxes\Data Management Tools.tbx\CalculateField" Date="20170829" Time="140347">CalculateField TWK_compartments_2017_tm19 NBAL_id Right( [Compt_ID],10 ) VB #</Process><Process ToolSource="c:\program files (x86)\arcgis\desktop10.2\ArcToolbox\Toolboxes\Data Management Tools.tbx\CalculateField" Date="20170829" Time="141411">CalculateField TWK_compartments_2017_tm19 hat1 [HAT] VB #</Process><Process ToolSource="c:\program files (x86)\arcgis\desktop10.2\ArcToolbox\Toolboxes\Data Management Tools.tbx\CalculateField" Date="20170829" Time="141620">CalculateField TWK_compartments_2017_tm19 MIU_ID ""M_" +Right( [Compt_ID],10  )" VB #</Process><Process ToolSource="c:\program files (x86)\arcgis\desktop10.2\ArcToolbox\Toolboxes\Data Management Tools.tbx\CalculateField" Date="20170829" Time="141647">CalculateField TWK_compartments_2017_tm19 Riparian_c [Terrain] VB #</Process><Process ToolSource="c:\program files (x86)\arcgis\desktop10.2\ArcToolbox\Toolboxes\Data Management Tools.tbx\CalculateField" Date="20170829" Time="141656">CalculateField TWK_compartments_2017_tm19 HAT [hat1] VB #</Process><Process ToolSource="c:\program files (x86)\arcgis\desktop10.2\ArcToolbox\Toolboxes\Data Management Tools.tbx\CalculateField" Date="20170829" Time="154444">CalculateField TWK_miu_2017_tm19 MIU_ID "H60B400103" VB #</Process><Process ToolSource="c:\program files (x86)\arcgis\desktop10.2\ArcToolbox\Toolboxes\Data Management Tools.tbx\CalculateField" Date="20170829" Time="154522">CalculateField TWK_miu_2017_tm19 MIU_ID "M_H60B400103" VB #</Process><Process ToolSource="c:\program files (x86)\arcgis\desktop10.2\ArcToolbox\Toolboxes\Data Management Tools.tbx\CalculateField" Date="20170830" Time="090403">CalculateField TWK_miu_2017_tm19 MIU_ID "M_H60B400240" VB #</Process><Process ToolSource="c:\program files (x86)\arcgis\desktop10.3\ArcToolbox\Toolboxes\Data Management Tools.tbx\CalculateField" Date="20180502" Time="231137">CalculateField H60B_MIU_tm19 Riparian_c "l" VB #</Process><Process ToolSource="c:\program files (x86)\arcgis\desktop10.3\ArcToolbox\Toolboxes\Data Management Tools.tbx\CalculateField" Date="20180502" Time="231149">CalculateField H60B_MIU_tm19 Riparian_c "r" VB #</Process></lineage></DataProperties></Esri></metadata>
